freeze_ts,fixture_id,match_date,country,league,home_team,away_team,xg_home,xg_away,prob_home,prob_draw,prob_away,prob_over_1_5,prob_over_2_5,prob_over_3_5,prob_btts,prob_ht_over_0_5,prob_ht_over_1_5,top_score_h,top_score_a,top_score_prob,mkt_p_o25,mkt_ro_p_o25,ft_home,ft_away,ht_home,ht_away,outcome_over_1_5,outcome_over_2_5,outcome_over_3_5,outcome_btts,outcome_ht_over_0_5,outcome_ht_over_1_5,outcome_1x2,status,resolved_ts,dayof_ts,dayof_xg_home,dayof_xg_away,dayof_prob_home,dayof_prob_draw,dayof_prob_away,dayof_prob_over_1_5,dayof_prob_over_2_5,dayof_prob_over_3_5,dayof_prob_btts,dayof_prob_ht_over_0_5,dayof_prob_ht_over_1_5,dayof_mkt_p_o25,dayof_mkt_ro_p_o25,close_p_home,close_p_draw,close_p_away,close_p_over_1_5,close_p_over_2_5,close_p_over_3_5,close_p_btts,close_p_ht_over_0_5,close_p_ht_over_1_5,close_hours_before_ko
2026-09-25T02:30:17+00:00,1640511,2026-10-01 00:00:00,World,Friendlies,Argentina,Bolivia,2.897,0.514,0.8498,0.1072,0.043,0.8492,0.6568,0.4418,0.3757,0.7781,0.4506,2,0,0.1379,,,4.0,0.0,2.0,0.0,1.0,1.0,1.0,0.0,1.0,1.0,1,RESOLVED,2026-10-01T07:45:01,,,,,,,,,,,,,,,,,,,,,,,,
2026-09-25T02:30:17+00:00,1619697,2026-10-01 00:30:00,Bolivia,Copa de la División Profesional,Oriente Petrolero,The Strongest,1.66,1.44,0.428,0.2377,0.3342,0.8132,0.5962,0.3752,0.6136,0.741,0.3985,1,1,0.1076,,,1.0,1.0,1.0,1.0,1.0,0.0,0.0,1.0,1.0,1.0,X,RESOLVED,2026-10-02T02:45:01,,,,,,,,,,,,,,,,,,,,,,,,
2026-09-25T02:30:17+00:00,1549703,2026-10-01 01:00:00,Colombia,Primera A,Atletico Nacional,Junior,2.07,0.913,0.6385,0.2043,0.1571,0.7959,0.5709,0.3494,0.5198,0.7448,0.4032,2,0,0.108,,,3.0,1.0,2.0,1.0,1.0,1.0,1.0,1.0,1.0,1.0,1,RESOLVED,2026-10-02T02:45:01,,,,,,,,,,,,,,,,,,,,,,,,
2026-09-25T02:30:17+00:00,1637962,2026-10-01 08:00:00,Hong-Kong,League Cup,North District,Southern District,2.009,1.206,0.556,0.2169,0.2271,0.8275,0.6189,0.3998,0.601,0.7341,0.3896,1,1,0.0977,,,2.0,1.0,0.0,0.0,1.0,1.0,0.0,1.0,0.0,0.0,1,RESOLVED,2026-10-02T02:45:01,2026-10-01T02:29:29+00:00,2.0412,1.2018,0.5641,0.2143,0.2215,0.8322,0.6259,0.4062,0.6049,0.7805,0.4547,,,,,,,,,,,,
2026-09-25T02:30:17+00:00,1640419,2026-10-01 08:00:00,Mongolia,Premier League,Khovd Western,Deren,1.041,2.723,0.1234,0.1549,0.7218,0.8833,0.7176,0.5156,0.5952,0.8028,0.4917,1,2,0.0865,,,1.0,5.0,0.0,3.0,1.0,1.0,1.0,1.0,1.0,1.0,2,RESOLVED,2026-10-02T02:45:01,2026-10-01T02:29:29+00:00,1.0563,2.8075,0.1187,0.1501,0.7312,0.8932,0.7347,0.5359,0.6053,0.8089,0.501,,,,,,,,,,,,
2026-09-25T02:30:17+00:00,1638595,2026-10-01 09:30:00,World,Friendlies,Venezuela U17,England U17,1.29,1.645,0.301,0.2437,0.4553,0.7882,0.5586,0.3378,0.5797,0.733,0.3882,1,1,0.113,,,0.0,1.0,,,0.0,0.0,0.0,0.0,,,2,RESOLVED,2026-10-02T02:45:01,2026-10-01T02:29:29+00:00,1.259,1.6714,0.2886,0.2422,0.4692,0.7887,0.5593,0.3375,0.5784,0.7333,0.3883,,,,,,,,,,,,
2026-09-25T02:30:17+00:00,1640072,2026-10-01 09:30:00,World,Friendlies,Poland U19,Kazakhstan U19,1.716,0.887,0.5661,0.2405,0.1933,0.7313,0.4801,0.2647,0.4797,0.6877,0.3302,1,0,0.1257,,,3.0,0.0,1.0,0.0,1.0,1.0,0.0,0.0,1.0,0.0,1,RESOLVED,2026-10-02T02:45:01,2026-10-01T02:29:29+00:00,1.5819,0.9364,0.5203,0.2552,0.2245,0.7144,0.4587,0.2467,0.4799,0.6773,0.3178,,,,,,,,,,,,
2026-09-30T02:27:27+00:00,1642983,2026-10-01 09:30:00,World,Friendlies,Slovakia U19,Switzerland U19,1.433,1.499,0.3607,0.2482,0.3911,0.789,0.5589,0.3379,0.5871,0.738,0.3938,1,1,0.1151,,,2.0,1.0,1.0,1.0,1.0,1.0,0.0,1.0,1.0,1.0,1,RESOLVED,2026-10-02T02:45:01,2026-10-01T02:29:29+00:00,1.4363,1.5016,0.3612,0.2465,0.3922,0.7897,0.5607,0.3391,0.5877,0.7335,0.3889,,,,,,,,,,,,
2026-10-01T02:29:28+00:00,1643205,2026-10-01 10:00:00,World,Friendlies Clubs,Olimpija Ljubljana,NK Slaven Belupo,1.924,1.151,0.5505,0.2223,0.2272,0.8079,0.5896,0.3693,0.5774,0.7537,0.4161,1,1,0.1019,,,2.0,1.0,1.0,1.0,1.0,1.0,0.0,1.0,1.0,1.0,1,RESOLVED,2026-10-02T02:45:01,2026-10-01T02:29:29+00:00,1.924,1.1513,0.5505,0.2223,0.2272,0.8079,0.5896,0.3693,0.5774,0.7537,0.4161,,,,,,,,,,,,
2026-10-01T02:29:28+00:00,1643339,2026-10-01 10:10:00,World,Kirin Cup,Japan,Ecuador,1.789,0.842,0.5948,0.2307,0.1745,0.7357,0.4877,0.2719,0.4697,0.6876,0.3302,1,0,0.1282,,,0.0,0.0,0.0,0.0,0.0,0.0,0.0,0.0,0.0,0.0,X,RESOLVED,2026-10-02T02:45:01,2026-10-01T02:29:29+00:00,1.7894,0.842,0.5948,0.2307,0.1745,0.7357,0.4877,0.2719,0.4697,0.6876,0.3302,,,,,,,,,,,,
2026-09-30T02:27:27+00:00,1642984,2026-10-01 10:45:00,World,Friendlies,France U19,Turkey U19,1.921,0.986,0.5899,0.22,0.1901,0.7852,0.554,0.3317,0.5314,0.733,0.387,1,0,0.1045,,,2.0,1.0,2.0,0.0,1.0,1.0,0.0,1.0,1.0,1.0,1,RESOLVED,2026-10-02T02:45:01,2026-10-01T02:29:29+00:00,1.9247,0.9881,0.5912,0.2199,0.1889,0.7861,0.5555,0.3343,0.5332,0.7295,0.382,,,,,,,,,,,,
2026-09-25T02:30:17+00:00,1637963,2026-10-01 11:00:00,Hong-Kong,League Cup,Shatin,Hong Kong FC,1.994,1.094,0.5778,0.2167,0.2055,0.8091,0.5916,0.3719,0.5666,0.7193,0.3709,1,1,0.0992,,,2.0,2.0,1.0,2.0,1.0,1.0,1.0,1.0,1.0,1.0,X,RESOLVED,2026-10-02T02:45:01,2026-10-01T02:29:29+00:00,2.0331,1.0882,0.5868,0.2129,0.2003,0.813,0.5982,0.3793,0.569,0.7668,0.4362,,,,,,,,,,,,
2026-09-25T02:30:17+00:00,1640436,2026-10-01 11:00:00,Mongolia,Premier League,Erchim,Central Stallions,1.235,2.458,0.1807,0.1826,0.6367,0.8779,0.7066,0.5017,0.6405,0.7963,0.482,1,2,0.0895,,,1.0,4.0,0.0,1.0,1.0,1.0,1.0,1.0,1.0,0.0,2,RESOLVED,2026-10-02T02:45:01,2026-10-01T02:29:29+00:00,1.2372,2.8696,0.1451,0.1555,0.6994,0.9082,0.7662,0.5798,0.6604,0.8251,0.5317,,,,,,,,,,,,
2026-09-29T02:30:37+00:00,1642330,2026-10-01 11:00:00,Kenya,FKF Premier League,Mombasa Elite,Kariobangi Sharks,1.214,0.831,0.4496,0.2991,0.2513,0.6043,0.3353,0.1527,0.3935,0.615,0.252,1,0,0.1567,,,2.0,1.0,0.0,0.0,1.0,1.0,0.0,1.0,0.0,0.0,1,RESOLVED,2026-10-02T02:45:01,2026-10-01T02:29:29+00:00,1.2148,0.831,0.4494,0.2994,0.2512,0.6048,0.3355,0.1529,0.3935,0.6148,0.2524,,,,,,,,,,,,
2026-09-29T02:30:37+00:00,1642895,2026-10-01 11:30:00,World,Friendlies Clubs,AS Eupen,Alemannia Aachen,1.834,1.42,0.471,0.2275,0.3015,0.8308,0.6258,0.4081,0.6281,0.7718,0.4438,1,1,0.1004,,,3.0,1.0,,,1.0,1.0,1.0,1.0,,,1,RESOLVED,2026-10-02T02:45:01,2026-10-01T02:29:29+00:00,1.833,1.4217,0.4708,0.2277,0.3015,0.8318,0.6264,0.4081,0.6293,0.7721,0.4444,,,,,,,,,,,,
2026-09-29T02:30:37+00:00,1642896,2026-10-01 11:30:00,World,Friendlies Clubs,Stuttgart II,FC Wurzburger Kickers,1.543,2.121,0.2814,0.2085,0.5101,0.8772,0.704,0.496,0.6845,0.8107,0.5052,1,2,0.0871,,,3.0,3.0,1.0,2.0,1.0,1.0,1.0,1.0,1.0,1.0,X,RESOLVED,2026-10-02T02:45:01,2026-10-01T02:29:29+00:00,1.5411,2.1218,0.2812,0.2092,0.5096,0.8773,0.7036,0.4959,0.6841,0.8111,0.5055,,,,,,,,,,,,
2026-09-25T02:30:17+00:00,1640073,2026-10-01 12:00:00,World,Friendlies,Maldives,Lebanon,0.961,1.63,0.2221,0.2485,0.5294,0.7289,0.4779,0.2629,0.4924,0.6909,0.3341,0,1,0.1221,,,0.0,6.0,0.0,3.0,1.0,1.0,1.0,0.0,1.0,1.0,2,RESOLVED,2026-10-02T02:45:01,2026-10-01T02:29:29+00:00,0.8827,1.8292,0.1781,0.2279,0.594,0.7512,0.5072,0.2897,0.4873,0.7078,0.3537,,,,,,,,,,,,
2026-09-29T02:30:37+00:00,1642897,2026-10-01 12:00:00,World,Friendlies Clubs,Jahn Regensburg,WSG Wattens,1.848,1.838,0.3967,0.2144,0.3889,0.8764,0.7049,0.4996,0.6958,0.811,0.5074,1,1,0.0847,,,0.0,6.0,0.0,1.0,1.0,1.0,1.0,0.0,1.0,0.0,2,RESOLVED,2026-10-02T02:45:01,2026-10-01T02:29:29+00:00,1.8465,1.8391,0.3967,0.2136,0.3898,0.8764,0.7044,0.4986,0.6945,0.8106,0.5072,,,,,,,,,,,,
2026-09-25T02:30:17+00:00,1594850,2026-10-01 12:30:00,Egypt,Second League - Group A,El Seka El Hadid,El Entag EL Harby,1.256,1.101,0.398,0.2798,0.3223,0.68,0.418,0.2131,0.4731,0.6167,0.2544,1,1,0.1298,,,5.0,4.0,3.0,2.0,1.0,1.0,1.0,1.0,1.0,1.0,1,RESOLVED,2026-10-02T02:45:01,2026-10-01T02:29:29+00:00,1.1973,1.0699,0.3881,0.2878,0.3241,0.6599,0.3941,0.1955,0.4546,0.6013,0.24,,0.4322,,,,,,,,,,
2026-09-25T02:30:17+00:00,1594852,2026-10-01 12:30:00,Egypt,Second League - Group A,El Mansura,Masar,0.845,1.13,0.2714,0.3083,0.4203,0.5864,0.3165,0.1395,0.3834,0.5521,0.1959,0,1,0.1556,,,2.0,0.0,0.0,0.0,1.0,0.0,0.0,0.0,0.0,0.0,1,RESOLVED,2026-10-02T02:45:01,2026-10-01T02:29:29+00:00,0.8463,1.1347,0.2711,0.3083,0.4206,0.5871,0.318,0.1412,0.3847,0.5512,0.1956,,0.4519,,,,,,,,,,
2026-09-25T02:30:17+00:00,1594854,2026-10-01 12:30:00,Egypt,Second League - Group A,Pharco,Tersana,0.987,0.922,0.357,0.3193,0.3237,0.5677,0.2988,0.1284,0.3746,0.54,0.1863,0,0,0.1522,,,0.0,1.0,0.0,0.0,0.0,0.0,0.0,0.0,0.0,0.0,2,RESOLVED,2026-10-02T02:45:01,2026-10-01T02:29:29+00:00,0.9807,0.929,0.353,0.3202,0.3268,0.567,0.2984,0.1291,0.3748,0.5392,0.1857,,0.4175,,,,,,,,,,
2026-09-25T02:30:17+00:00,1641714,2026-10-01 12:30:00,World,FIFA Asean Cup,Indonesia,Bangladesh,2.013,0.959,0.6138,0.2117,0.1745,0.7926,0.5665,0.3466,0.5281,0.7409,0.3988,2,0,0.1031,,,9.0,2.0,6.0,1.0,1.0,1.0,1.0,1.0,1.0,1.0,1,RESOLVED,2026-10-02T02:45:01,2026-10-01T02:29:29+00:00,1.9572,0.7001,0.6649,0.2081,0.1269,0.7386,0.4927,0.2784,0.4268,0.7134,0.3614,,,,,,,,,,,,
2026-09-25T02:30:17+00:00,1641715,2026-10-01 12:30:00,World,FIFA Asean Cup,Malaysia,Singapore,1.693,0.993,0.5346,0.2433,0.2221,0.7455,0.4997,0.2841,0.5081,0.7063,0.3541,1,0,0.1147,,,6.0,0.0,2.0,0.0,1.0,1.0,1.0,0.0,1.0,1.0,1,RESOLVED,2026-10-02T02:45:01,2026-10-01T02:29:29+00:00,1.6676,0.7577,0.5852,0.2446,0.1702,0.691,0.4342,0.2293,0.4246,0.6794,0.3214,,,,,,,,,,,,
2026-10-01T02:29:28+00:00,1643206,2026-10-01 13:00:00,World,Friendlies Clubs,Dunajska Streda,Puskas Academy,1.825,1.268,0.5048,0.2285,0.2666,0.8102,0.5928,0.3729,0.5927,0.7553,0.4188,1,1,0.1036,,,2.0,1.0,1.0,0.0,1.0,1.0,0.0,1.0,1.0,0.0,1,RESOLVED,2026-10-02T02:45:01,2026-10-01T02:29:29+00:00,1.8253,1.2681,0.5048,0.2285,0.2666,0.8102,0.5928,0.3729,0.5927,0.7553,0.4188,,,,,,,,,,,,
2026-09-25T02:30:17+00:00,1636369,2026-10-01 13:15:00,United-Arab-Emirates,League Cup,Sharjah FC,Al-Dhafra,2.103,0.946,0.6372,0.2013,0.1614,0.8054,0.5852,0.3634,0.5316,0.7261,0.3792,2,0,0.1052,,,2.0,1.0,1.0,0.0,1.0,1.0,0.0,1.0,1.0,0.0,1,RESOLVED,2026-10-02T02:45:01,2026-10-01T02:29:29+00:00,2.1052,0.9469,0.6366,0.2028,0.1606,0.8058,0.5851,0.3644,0.5334,0.7267,0.3793,,,,,,,,,,,,
2026-09-25T02:30:17+00:00,1636370,2026-10-01 13:15:00,United-Arab-Emirates,League Cup,Dubai United,Hatta SC,1.563,1.541,0.3865,0.2378,0.3758,0.8117,0.5951,0.3754,0.6115,0.7493,0.4106,1,1,0.107,,,3.0,2.0,0.0,1.0,1.0,1.0,1.0,1.0,1.0,0.0,1,RESOLVED,2026-10-02T02:45:01,2026-10-01T02:29:29+00:00,1.5654,1.537,0.3875,0.2377,0.3748,0.8112,0.5958,0.375,0.6121,0.7487,0.4106,,,,,,,,,,,,
2026-09-25T02:30:17+00:00,1636199,2026-10-01 13:30:00,Oman,FA Cup,Al Nasr,Smail,2.191,0.664,0.7195,0.1807,0.0997,0.7737,0.5398,0.3205,0.4261,0.7211,0.3712,2,0,0.1369,,,3.0,3.0,3.0,1.0,1.0,1.0,1.0,1.0,1.0,1.0,X,RESOLVED,2026-10-02T02:45:01,2026-10-01T02:29:29+00:00,2.3647,0.8343,0.7087,0.1734,0.1179,0.8231,0.6138,0.3958,0.505,0.758,0.4224,,,,,,,,,,,,
2026-10-01T02:29:28+00:00,1643193,2026-10-01 13:30:00,World,Friendlies,Croatia U19,Italy U19,1.054,1.145,0.3313,0.2928,0.3759,0.6424,0.3766,0.183,0.4387,0.6286,0.2668,1,1,0.1317,,,0.0,1.0,0.0,0.0,0.0,0.0,0.0,0.0,0.0,0.0,2,RESOLVED,2026-10-02T02:45:01,2026-10-01T02:29:29+00:00,1.0543,1.1453,0.3313,0.2928,0.3759,0.6424,0.3766,0.183,0.4387,0.6286,0.2668,,,,,,,,,,,,
2026-09-25T02:30:17+00:00,1640512,2026-10-01 14:00:00,World,Friendlies,Uzbekistan,Syria,1.617,1.376,0.4323,0.2413,0.3264,0.7947,0.5706,0.3511,0.5895,0.7377,0.3953,1,1,0.1101,,,4.0,1.0,2.0,0.0,1.0,1.0,1.0,1.0,1.0,1.0,1,RESOLVED,2026-10-02T02:45:01,2026-10-01T02:29:29+00:00,1.6233,1.3368,0.4402,0.2434,0.3164,0.791,0.5644,0.3441,0.5849,0.7354,0.3906,,,,,,,,,,,,
2026-09-30T02:27:27+00:00,1642985,2026-10-01 14:00:00,World,Friendlies,Faroe Islands U19,Slovenia U19,1.089,1.396,0.2919,0.2697,0.4384,0.7097,0.4517,0.24,0.4984,0.6804,0.3209,1,1,0.1273,,,1.0,2.0,1.0,1.0,1.0,1.0,0.0,1.0,1.0,1.0,2,RESOLVED,2026-10-02T02:45:01,2026-10-01T02:29:29+00:00,1.0925,1.4009,0.2919,0.2689,0.4392,0.7114,0.454,0.2414,0.5003,0.6769,0.317,,,,,,,,,,,,
2026-10-01T02:29:28+00:00,1643194,2026-10-01 14:00:00,World,Friendlies,Germany U17,Israel U17,2.05,0.992,0.6154,0.2087,0.1759,0.8046,0.5835,0.3616,0.5451,0.744,0.4021,2,0,0.0994,,,3.0,2.0,1.0,1.0,1.0,1.0,1.0,1.0,1.0,1.0,1,RESOLVED,2026-10-02T02:45:01,2026-10-01T02:29:29+00:00,2.0496,0.992,0.6154,0.2087,0.1759,0.8046,0.5835,0.3616,0.5451,0.744,0.4021,,,,,,,,,,,,
2026-10-01T02:29:28+00:00,1643207,2026-10-01 14:00:00,World,Friendlies Clubs,VfL Wolfsburg,Havelse,2.322,1.482,0.5606,0.197,0.2424,0.8892,0.7268,0.525,0.6907,0.8227,0.5245,2,1,0.0868,,,4.0,1.0,3.0,0.0,1.0,1.0,1.0,1.0,1.0,1.0,1,RESOLVED,2026-10-02T02:45:01,2026-10-01T02:29:29+00:00,2.3217,1.4819,0.5606,0.197,0.2424,0.8892,0.7268,0.525,0.6907,0.8227,0.5245,,,,,,,,,,,,
2026-09-25T02:30:17+00:00,1350188,2026-10-01 15:00:00,World,UEFA U21 Championship - Qualification,Greece U21,Latvia U21,2.024,1.018,0.6036,0.2124,0.184,0.8053,0.5837,0.3619,0.552,0.7057,0.3517,1,1,0.0992,,,4.0,2.0,3.0,1.0,1.0,1.0,1.0,1.0,1.0,1.0,1,RESOLVED,2026-10-02T02:45:01,2026-10-01T02:29:29+00:00,2.4797,0.8531,0.724,0.1649,0.1111,0.841,0.6423,0.4253,0.5213,0.746,0.4051,,,,,,,,,,,,
2026-09-25T02:30:17+00:00,1602139,2026-10-01 15:00:00,Ghana,Premier League,Asante Kotoko,Karela,1.454,0.834,0.5147,0.2688,0.2165,0.6644,0.4005,0.1993,0.4309,0.6592,0.2972,1,0,0.1467,,,1.0,0.0,1.0,0.0,0.0,0.0,0.0,0.0,1.0,0.0,1,RESOLVED,2026-10-02T02:45:01,2026-10-01T02:29:29+00:00,1.3559,0.8582,0.481,0.2816,0.2374,0.647,0.3805,0.1852,0.4248,0.6547,0.293,,,,,,,,,,,,
2026-09-25T02:30:17+00:00,1639145,2026-10-01 15:00:00,Qatar,QSL Cup,Al-Gharafa,Al Mesaimeer,1.477,1.333,0.4068,0.2511,0.3421,0.769,0.5317,0.3111,0.564,0.728,0.3814,1,1,0.1175,,,4.0,2.0,3.0,0.0,1.0,1.0,1.0,1.0,1.0,1.0,1,RESOLVED,2026-10-02T02:45:01,2026-10-01T02:29:29+00:00,1.4365,1.3478,0.3932,0.2548,0.352,0.7647,0.5251,0.3051,0.5603,0.7061,0.3535,,,,,,,,,,,,
2026-09-25T02:30:17+00:00,1640047,2026-10-01 15:30:00,World,Friendlies Clubs,VfB Stuttgart,SpVgg Greuther Furth,2.338,1.249,0.6123,0.1921,0.1956,0.8684,0.689,0.479,0.6375,0.8035,0.4929,2,1,0.0918,,,5.0,0.0,3.0,0.0,1.0,1.0,1.0,0.0,1.0,1.0,1,RESOLVED,2026-10-02T02:45:01,2026-10-01T02:29:29+00:00,2.3442,1.2227,0.6199,0.1903,0.1897,0.8676,0.6869,0.4759,0.6312,0.8028,0.4909,,,,,,,,,,,,
2026-09-25T02:30:17+00:00,1636371,2026-10-01 15:45:00,United-Arab-Emirates,League Cup,Baniyas SC,Al Wahda FC,1.121,1.498,0.2835,0.2587,0.4578,0.7349,0.4851,0.2697,0.52,0.6978,0.3427,1,1,0.1223,,,3.0,1.0,2.0,0.0,1.0,1.0,1.0,1.0,1.0,1.0,1,RESOLVED,2026-10-02T02:45:01,2026-10-01T02:29:29+00:00,1.1222,1.5007,0.2822,0.2589,0.4589,0.7358,0.4859,0.27,0.5207,0.6982,0.3431,,,,,,,,,,,,
2026-09-25T02:30:17+00:00,1350186,2026-10-01 16:00:00,World,UEFA U21 Championship - Qualification,North Macedonia U21,Montenegro U21,1.274,1.514,0.3202,0.2526,0.4272,0.7648,0.5263,0.3063,0.558,0.6754,0.3159,1,1,0.1183,,,1.0,1.0,0.0,1.0,1.0,0.0,0.0,1.0,1.0,0.0,X,RESOLVED,2026-10-02T02:45:01,2026-10-01T02:29:29+00:00,1.3179,1.5316,0.3286,0.2494,0.422,0.7754,0.5401,0.3195,0.5697,0.7024,0.3479,,,,,,,,,,,,
2026-09-25T02:30:17+00:00,1528916,2026-10-01 16:00:00,World,UEFA Nations League,Azerbaijan,Liechtenstein,2.045,0.72,0.6778,0.2003,0.122,0.759,0.5188,0.3014,0.4431,0.7007,0.3461,2,0,0.1298,,,0.0,0.0,0.0,0.0,0.0,0.0,0.0,0.0,0.0,0.0,X,RESOLVED,2026-10-02T02:45:01,2026-10-01T02:29:29+00:00,1.726,0.6829,0.6202,0.2351,0.1447,0.69,0.4313,0.2253,0.4039,0.6888,0.3319,,,,,,,,,,,,
2026-09-25T02:30:17+00:00,1545851,2026-10-01 16:00:00,World,Africa Cup of Nations - Qualification,Guinea,Kenya,1.371,1.21,0.4037,0.2658,0.3306,0.7276,0.4751,0.26,0.5208,0.6411,0.2783,1,1,0.1257,,,1.0,0.0,1.0,0.0,0.0,0.0,0.0,0.0,1.0,0.0,1,RESOLVED,2026-10-02T02:45:01,2026-10-01T02:29:29+00:00,1.2615,1.2324,0.3699,0.2722,0.3579,0.7101,0.4537,0.2422,0.5048,0.6747,0.3141,,,,,,,,,,,,
2026-09-25T02:30:17+00:00,1555163,2026-10-01 16:00:00,Israel,Liga Leumit,Bnei Yehuda,Maccabi Kiryat Gat,1.272,1.306,0.3583,0.2662,0.3755,0.7264,0.475,0.2601,0.5209,0.6694,0.3088,1,1,0.1252,,,2.0,1.0,1.0,0.0,1.0,1.0,0.0,1.0,1.0,0.0,1,RESOLVED,2026-10-02T02:45:01,2026-10-01T02:29:29+00:00,1.2674,1.2524,0.3684,0.2704,0.3612,0.7146,0.4604,0.2481,0.5098,0.6639,0.302,,,,,,,,,,,,
2026-09-25T02:30:17+00:00,1555164,2026-10-01 16:00:00,Israel,Liga Leumit,Hapoel Afula,Hapoel Rishon LeZion,1.474,1.449,0.3826,0.2474,0.37,0.7862,0.5566,0.3357,0.5839,0.7141,0.3629,1,1,0.1142,,,2.0,2.0,1.0,1.0,1.0,1.0,1.0,1.0,1.0,1.0,X,RESOLVED,2026-10-02T02:45:01,2026-10-01T02:29:29+00:00,1.4712,1.4532,0.3813,0.2475,0.3712,0.7854,0.5568,0.3361,0.5835,0.7161,0.3662,,,,,,,,,,,,
2026-09-25T02:30:17+00:00,1555165,2026-10-01 16:00:00,Israel,Liga Leumit,Hapoel Ra'anana,Kafr Qasim,1.543,1.07,0.48,0.2559,0.2641,0.7313,0.4823,0.2688,0.5106,0.673,0.3132,1,1,0.1198,,,1.0,2.0,0.0,1.0,1.0,1.0,0.0,1.0,1.0,0.0,2,RESOLVED,2026-10-02T02:45:01,2026-10-01T02:29:29+00:00,1.482,1.0766,0.4627,0.2609,0.2764,0.7208,0.4689,0.2566,0.5033,0.6676,0.3082,,,,,,,,,,,,
2026-09-25T02:30:17+00:00,1555166,2026-10-01 16:00:00,Israel,Liga Leumit,Kiryat Yam SC,Hapoel Kfar Saba,1.87,1.317,0.5007,0.2257,0.2736,0.822,0.6116,0.393,0.6099,0.7428,0.4021,1,1,0.1013,,,2.0,0.0,1.0,0.0,1.0,0.0,0.0,0.0,1.0,0.0,1,RESOLVED,2026-10-02T02:45:01,2026-10-01T02:29:29+00:00,1.8958,1.2914,0.5116,0.2257,0.2627,0.8231,0.6124,0.3931,0.6091,0.7454,0.4058,,,,,,,,,,,,
2026-09-25T02:30:17+00:00,1555167,2026-10-01 16:00:00,Israel,Liga Leumit,Maccabi Bnei Raina,Hapoel Kfar Shalem,1.562,1.857,0.3278,0.2228,0.4494,0.8512,0.6595,0.4445,0.6588,0.7673,0.4367,1,1,0.0947,,,1.0,2.0,0.0,1.0,1.0,1.0,0.0,1.0,1.0,0.0,2,RESOLVED,2026-10-02T02:45:01,2026-10-01T02:29:29+00:00,1.5461,1.8799,0.32,0.2228,0.4572,0.853,0.6609,0.446,0.6602,0.7714,0.4414,,,,,,,,,,,,
2026-09-25T02:30:17+00:00,1555168,2026-10-01 16:00:00,Israel,Liga Leumit,Maccabi Kabilio Jaffa,Hapoel Acre,1.94,0.932,0.6055,0.2174,0.1771,0.7767,0.5446,0.3248,0.5127,0.7071,0.3538,1,0,0.1098,,,1.0,0.0,0.0,0.0,0.0,0.0,0.0,0.0,0.0,0.0,1,RESOLVED,2026-10-02T02:45:01,2026-10-01T02:29:29+00:00,1.8989,0.9737,0.5872,0.2218,0.191,0.7772,0.5448,0.3252,0.5218,0.7101,0.358,,,,,,,,,,,,
2026-09-25T02:30:17+00:00,1555169,2026-10-01 16:00:00,Israel,Liga Leumit,Maccabi Ahi Nazareth,Ironi Modi'in,1.725,1.06,0.5263,0.2392,0.2345,0.7617,0.5238,0.3055,0.5293,0.6953,0.3409,1,1,0.1113,,,1.0,2.0,0.0,1.0,1.0,1.0,0.0,1.0,1.0,0.0,2,RESOLVED,2026-10-02T02:45:01,2026-10-01T02:29:29+00:00,1.7202,1.0605,0.5242,0.2401,0.2357,0.7614,0.5229,0.3048,0.5294,0.6981,0.3434,,,,,,,,,,,,
2026-09-25T02:30:17+00:00,1555170,2026-10-01 16:00:00,Israel,Liga Leumit,Ashdod,Maccabi Herzliya,1.478,1.369,0.3987,0.2506,0.3506,0.7742,0.5394,0.3191,0.57,0.7044,0.3512,1,1,0.1166,,,1.0,0.0,1.0,0.0,0.0,0.0,0.0,0.0,1.0,0.0,1,RESOLVED,2026-10-02T02:45:01,2026-10-01T02:29:29+00:00,1.4724,1.3749,0.3953,0.252,0.3527,0.775,0.5396,0.3192,0.5716,0.7072,0.3537,,,,,,,,,,,,
2026-09-25T02:30:17+00:00,1568189,2026-10-01 16:00:00,Poland,III Liga - Group 4,Podlasie Biała Podlaska,Star Starachowice,1.753,1.109,0.5226,0.2362,0.2412,0.7769,0.5432,0.3217,0.549,0.7257,0.3781,1,1,0.1106,,,2.0,2.0,0.0,1.0,1.0,1.0,1.0,1.0,1.0,0.0,X,RESOLVED,2026-10-02T02:45:01,2026-10-01T02:29:29+00:00,1.7212,1.1796,0.4981,0.2386,0.2632,0.7814,0.5514,0.3312,0.5627,0.722,0.3724,,0.5602,,,,,,,,,,
2026-09-25T02:30:17+00:00,1637885,2026-10-01 16:00:00,Norway,NM Cupen,Rana,Bodo/Glimt,0.943,4.043,0.0435,0.0729,0.8836,0.9571,0.8701,0.7286,0.5952,0.892,0.6592,0,4,0.0756,,,2.0,6.0,2.0,2.0,1.0,1.0,1.0,1.0,1.0,1.0,2,RESOLVED,2026-10-02T02:45:01,2026-10-01T02:29:29+00:00,0.9392,3.9042,0.0475,0.0795,0.873,0.9509,0.8561,0.7069,0.5911,0.8849,0.6439,,,,,,,,,,,,
2026-09-30T02:27:27+00:00,1642987,2026-10-01 16:00:00,World,Friendlies,Brazil U20,United States U20,1.109,1.476,0.2838,0.2605,0.4558,0.7271,0.476,0.2623,0.5118,0.6935,0.3377,1,1,0.1221,,,2.0,0.0,0.0,0.0,1.0,0.0,0.0,0.0,0.0,0.0,1,RESOLVED,2026-10-02T02:45:01,2026-10-01T02:29:29+00:00,1.114,1.4756,0.2849,0.2603,0.4548,0.7281,0.4776,0.2628,0.5125,0.6892,0.3333,,,,,,,,,,,,
2026-10-01T02:29:28+00:00,1643208,2026-10-01 16:00:00,World,Friendlies Clubs,Trabzonspor,Drogheda United,1.935,1.243,0.5317,0.2223,0.2459,0.8224,0.6113,0.3913,0.6024,0.7651,0.4326,1,1,0.1006,,,0.0,1.0,0.0,0.0,0.0,0.0,0.0,0.0,0.0,0.0,2,RESOLVED,2026-10-02T02:45:01,2026-10-01T02:29:29+00:00,1.9345,1.2433,0.5317,0.2223,0.2459,0.8224,0.6113,0.3913,0.6024,0.7651,0.4326,,,,,,,,,,,,
2026-09-25T02:30:17+00:00,1350185,2026-10-01 16:30:00,World,UEFA U21 Championship - Qualification,Armenia U21,Italy U21,0.716,2.688,0.0749,0.1375,0.7877,0.8523,0.6583,0.4412,0.4742,0.7495,0.4071,0,2,0.1202,,,0.0,1.0,0.0,0.0,0.0,0.0,0.0,0.0,0.0,0.0,2,RESOLVED,2026-10-02T02:45:01,2026-10-01T02:29:29+00:00,0.7376,2.7349,0.0753,0.1344,0.7902,0.8597,0.6723,0.457,0.4859,0.7811,0.4533,,,,,,,,,,,,
2026-09-25T02:30:17+00:00,1621623,2026-10-01 16:30:00,Israel,Liga Alef,Kfar Saba 1928,Hapoel Marmorek,1.478,0.975,0.4846,0.2645,0.2509,0.6992,0.4417,0.2337,0.475,0.6484,0.2872,1,0,0.1256,,,2.0,2.0,2.0,1.0,1.0,1.0,1.0,1.0,1.0,1.0,X,RESOLVED,2026-10-02T02:45:01,2026-10-01T02:29:29+00:00,1.4709,0.9857,0.4798,0.2655,0.2548,0.6994,0.4423,0.2341,0.4775,0.6447,0.2834,,0.5158,,,,,,,,,,
2026-09-25T02:30:17+00:00,1350184,2026-10-01 17:00:00,World,UEFA U21 Championship - Qualification,Hungary U21,Lithuania U21,1.89,1.047,0.5682,0.2251,0.2067,0.7916,0.5613,0.3387,0.5509,0.6937,0.3361,1,1,0.1062,,,2.0,1.0,1.0,1.0,1.0,1.0,0.0,1.0,1.0,1.0,1,RESOLVED,2026-10-02T02:45:01,2026-10-01T02:29:29+00:00,1.8935,1.1468,0.5468,0.2251,0.228,0.8067,0.5851,0.3613,0.5793,0.7207,0.3697,,,,,,,,,,,,
